genre,title,artist,duration,url
electronic,Прослушать МУЗЫКА В МАШИНУ – КАЙФУЙ,МУЗЫКА В МАШИНУ,03:26,https://zaycev.net/pages/248770/24877033.shtml
electronic,Прослушать Дискотека Авария – Два океана,Дискотека Авария,03:54,https://zaycev.net/pages/117756/11775601.shtml
electronic,Прослушать Турбомода – Каникулы,Турбомода,04:41,https://zaycev.net/pages/230493/23049364.shtml
electronic,Прослушать МУЗЫКА В МАШИНУ – РАЗРЫВНАЯ,МУЗЫКА В МАШИНУ,03:00,https://zaycev.net/pages/248728/24872851.shtml
electronic,Прослушать Various Artists – Asphalt,Various Artists,04:32,https://zaycev.net/pages/247665/24766594.shtml
electronic,Прослушать DJ PULYA – ТАНЦЫ (ТАНЦЕВАЛЬНАЯ МУЗЫКА 2024),DJ PULYA,02:35,https://zaycev.net/pages/249804/24980477.shtml
electronic,Прослушать Qwizar Wols – Ангел,Qwizar Wols,03:19,https://zaycev.net/pages/249759/24975937.shtml
electronic,Прослушать Subbota – Где-то там x,Subbota,02:25,https://zaycev.net/pages/249833/24983381.shtml
electronic,Прослушать Tsipak KPSS – Kirat,Tsipak KPSS,05:30,https://zaycev.net/pages/247709/24770929.shtml
electronic,Прослушать Элджей – Drake,Элджей,02:06,https://zaycev.net/pages/249597/24959791.shtml
electronic,Прослушать Razus – Руки Вверх (ЛУЧШАЯ МУЗЫКА 2023),Razus,03:03,https://zaycev.net/pages/249447/24944773.shtml
electronic,Прослушать Subbota – Земля людей,Subbota,03:23,https://zaycev.net/pages/250106/25010626.shtml
electronic,Прослушать DJ DEEP MIX – TAKE A CHANCE (МУЗЫКА В МАШИНУ),DJ DEEP MIX,03:14,https://zaycev.net/pages/249649/24964942.shtml
electronic,Прослушать Subbota – Каменное сердце,Subbota,03:24,https://zaycev.net/pages/249603/24960371.shtml
electronic,Прослушать Subbota – Иди сюда x,Subbota,03:00,https://zaycev.net/pages/249995/24999503.shtml
electronic,Прослушать Юлия Беретта – Душа,Юлия Беретта,03:36,https://zaycev.net/pages/249053/24905375.shtml
electronic,Прослушать Various Artists – Inplex - Meant to Be  (Original Mix),Various Artists,06:29,https://zaycev.net/pages/249295/24929547.shtml
electronic,Прослушать Yudzhin Tech – Пушка (ЛУЧШАЯ МУЗЫКА 2023),Yudzhin Tech,03:18,https://zaycev.net/pages/249447/24944777.shtml
electronic,Прослушать Lalok – A4,Lalok,03:30,https://zaycev.net/pages/247010/24701036.shtml
electronic,Прослушать 5sta Family – В июле,5sta Family,03:07,https://zaycev.net/pages/249994/24999415.shtml
electronic,Прослушать Митя Фомин – Быть собой (DJ Zhukovsky Remix),Митя Фомин,02:25,https://zaycev.net/pages/249046/24904667.shtml
electronic,Прослушать Nifiant – Can't Believe,Nifiant,02:52,https://zaycev.net/pages/249750/24975002.shtml
electronic,Прослушать Various Artists – Яшибез бит яшибез,Various Artists,04:03,https://zaycev.net/pages/119406/11940618.shtml
electronic,Прослушать МУЗЫКА В МАШИНУ – ГДЕ-ТО ТАМ,МУЗЫКА В МАШИНУ,02:31,https://zaycev.net/pages/249995/24999502.shtml
electronic,Прослушать Qwizar Wols – Фонк Вечеринка,Qwizar Wols,02:51,https://zaycev.net/pages/249662/24966278.shtml
electronic,Прослушать XM – Never Gonna Change (Speed Up),XM,02:24,https://zaycev.net/pages/249826/24982688.shtml
electronic,"Прослушать Dmitriy Rs, Shepilov – Love Is","Dmitriy Rs, Shepilov",02:27,https://zaycev.net/pages/249073/24907307.shtml
electronic,Прослушать Subbota – Мороз,Subbota,03:28,https://zaycev.net/pages/249693/24969392.shtml
electronic,Прослушать Красная плесень – Гимн панков,Красная плесень,02:16,https://zaycev.net/pages/248543/24854393.shtml
electronic,Прослушать Various Artists – Дочка,Various Artists,04:24,https://zaycev.net/pages/249994/24999451.shtml
electronic,Прослушать Tsipak KPSS – Dead Car,Tsipak KPSS,02:43,https://zaycev.net/pages/247709/24770928.shtml
electronic,Прослушать Bulgakov – Every Summer (Original Mix)dub (Хиты 2023),Bulgakov,04:07,https://zaycev.net/pages/249296/24929658.shtml
electronic,Прослушать Gorilla Zippo – Friend,Gorilla Zippo,03:38,https://zaycev.net/pages/177842/17784258.shtml
electronic,Прослушать Subbota – На подержанном авто (Remix),Subbota,03:08,https://zaycev.net/pages/249483/24948372.shtml
electronic,Прослушать Стереополина – Про дурочку,Стереополина,04:06,https://zaycev.net/pages/245198/24519824.shtml
electronic,Прослушать Revoльvers – Лети,Revoльvers,03:40,https://zaycev.net/pages/244773/24477393.shtml
electronic,Прослушать Various Artists – Туган кон,Various Artists,03:12,https://zaycev.net/pages/118820/11882077.shtml
electronic,Прослушать Qwizar Wols – Run Away,Qwizar Wols,02:37,https://zaycev.net/pages/249948/24994833.shtml
electronic,Прослушать Biomatrix – Block Brawl 48 (Техно Фонк 2022),Biomatrix,03:19,https://zaycev.net/pages/248845/24884541.shtml
electronic,Прослушать Sundrifting – Hundred Miles for You (Original Mix),Sundrifting,05:12,https://zaycev.net/pages/250059/25005937.shtml
electronic,Прослушать Дельфин – Весна,Дельфин,04:51,https://zaycev.net/pages/67405/6740586.shtml
electronic,Прослушать XM – Can You See (Топ Мелодия На Звонок 2024),XM,00:29,https://zaycev.net/pages/250020/25002051.shtml
electronic,Прослушать DJ Groove – Here We Go Again,DJ Groove,03:31,https://zaycev.net/pages/180091/18009101.shtml
electronic,Прослушать Incode – California,Incode,03:03,https://zaycev.net/pages/249964/24996473.shtml
electronic,Прослушать Qwizar Wols – For My Own (Мелодия На Звонок),Qwizar Wols,00:29,https://zaycev.net/pages/249993/24999309.shtml
electronic,Прослушать XM – India (Мелодия На Звонок),XM,00:29,https://zaycev.net/pages/250032/25003280.shtml
electronic,"Прослушать Nifiant, Incode – My Heart Is Yours","Nifiant, Incode",02:42,https://zaycev.net/pages/249803/24980382.shtml
electronic,Прослушать kyori – blaze,kyori,03:04,https://zaycev.net/pages/249734/24973421.shtml
electronic,Прослушать Incode – Know (Мелодия На Звонок),Incode,00:29,https://zaycev.net/pages/249947/24994792.shtml
electronic,Прослушать ПОДДЕЛКА – Чужое настроение,ПОДДЕЛКА,03:03,https://zaycev.net/pages/249750/24975025.shtml
rap,"Прослушать ALEKS ATAMAN, FINIK – Диалоги тет-а-тет","ALEKS ATAMAN, FINIK",02:59,https://zaycev.net/pages/248800/24880076.shtml
rap,Прослушать Макс Корж – Слово Пацана,Макс Корж,05:14,https://zaycev.net/pages/245116/24511654.shtml
rap,"Прослушать MiyaGi, Эндшпиль, 9 Грамм – Рапапам","MiyaGi, Эндшпиль, 9 Грамм",05:34,https://zaycev.net/pages/248763/24876395.shtml
rap,Прослушать Баста – На заре («Альянс» cover),Баста,05:06,https://zaycev.net/pages/167558/16755858.shtml
rap,Прослушать Дискотека Авария – Два океана,Дискотека Авария,03:54,https://zaycev.net/pages/117756/11775601.shtml
rap,Прослушать MATRANG – Медуза,MATRANG,02:43,https://zaycev.net/pages/246111/24611123.shtml
rap,Прослушать Баста – Моя игра,Баста,04:30,https://zaycev.net/pages/67170/6717082.shtml
rap,Прослушать Макс Корж – Малиновый закат,Макс Корж,02:57,https://zaycev.net/pages/245116/24511639.shtml
rap,Прослушать Various Artists – Asphalt,Various Artists,04:32,https://zaycev.net/pages/247665/24766594.shtml
rap,Прослушать Нурминский – Валим,Нурминский,03:02,https://zaycev.net/pages/159601/15960116.shtml
rap,Прослушать Серёга – Черный бумер,Серёга,04:04,https://zaycev.net/pages/246249/24624932.shtml
rap,Прослушать INSTASAMKA – DADADA,INSTASAMKA,01:44,https://zaycev.net/pages/247739/24773943.shtml
rap,Прослушать Subbota – Иди сюда,Subbota,03:00,https://zaycev.net/pages/249986/24998683.shtml
rap,Прослушать DJ PULYA – ТАНЦЫ (ТАНЦЕВАЛЬНАЯ МУЗЫКА 2024),DJ PULYA,02:35,https://zaycev.net/pages/249804/24980477.shtml
rap,Прослушать Макс Корж – Жить в кайф,Макс Корж,02:56,https://zaycev.net/pages/245116/24511690.shtml
rap,Прослушать Qwizar Wols – Ангел,Qwizar Wols,03:19,https://zaycev.net/pages/249759/24975937.shtml
rap,Прослушать Subbota – Где-то там x,Subbota,02:25,https://zaycev.net/pages/249833/24983381.shtml
rap,Прослушать Тима Белорусских – Незабудка,Тима Белорусских,03:04,https://zaycev.net/pages/248781/24878150.shtml
rap,Прослушать МУЗЫКА В МАШИНУ – ТЫ САДИШЬСЯ В ТАЧКУ,МУЗЫКА В МАШИНУ,02:42,https://zaycev.net/pages/248863/24886304.shtml
rap,Прослушать Tsipak KPSS – Kirat,Tsipak KPSS,05:30,https://zaycev.net/pages/247709/24770929.shtml
rap,Прослушать Мот – День и ночь,Мот,03:08,https://zaycev.net/pages/70342/7034224.shtml
rap,Прослушать Элджей – Drake,Элджей,02:06,https://zaycev.net/pages/249597/24959791.shtml
rap,Прослушать Elvira T – Море,Elvira T,03:37,https://zaycev.net/pages/45388/4538893.shtml
rap,Прослушать Subbota – Гармошка,Subbota,02:26,https://zaycev.net/pages/250129/25012942.shtml
rap,Прослушать Subbota – Женская мантра x,Subbota,02:54,https://zaycev.net/pages/249970/24997017.shtml
rap,Прослушать MATRANG – Заманчивая,MATRANG,03:35,https://zaycev.net/pages/247740/24774058.shtml
rap,Прослушать Баста – Мама,Баста,03:56,https://zaycev.net/pages/67170/6717019.shtml
rap,Прослушать Юлия Беретта – Душа,Юлия Беретта,03:36,https://zaycev.net/pages/249053/24905375.shtml
rap,Прослушать Various Artists – Inplex - Meant to Be  (Original Mix),Various Artists,06:29,https://zaycev.net/pages/249295/24929547.shtml
rap,Прослушать Subbota – Не хочу домой,Subbota,02:21,https://zaycev.net/pages/249342/24934284.shtml
rap,Прослушать INSTASAMKA – ХЛОПАЙ,INSTASAMKA,02:02,https://zaycev.net/pages/247739/24773944.shtml
rap,Прослушать Subbota – Дым бомбим,Subbota,03:31,https://zaycev.net/pages/249342/24934269.shtml
rap,Прослушать Нурминский – Ауфф,Нурминский,03:02,https://zaycev.net/pages/118800/11880060.shtml
rap,Прослушать Макс Корж – Небо поможет нам,Макс Корж,03:30,https://zaycev.net/pages/245116/24511671.shtml
rap,Прослушать kyz9ka – Хаги Ваги,kyz9ka,01:23,https://zaycev.net/pages/248798/24879839.shtml
rap,Прослушать INSTASAMKA – LIPSI HA,INSTASAMKA,02:01,https://zaycev.net/pages/246906/24690653.shtml
rap,Прослушать Клава Кока – Нет проблем,Клава Кока,02:23,https://zaycev.net/pages/250082/25008245.shtml
rap,Прослушать 5sta Family – В июле,5sta Family,03:07,https://zaycev.net/pages/249994/24999415.shtml
rap,Прослушать ШЕFF – Жду перемен,ШЕFF,04:06,https://zaycev.net/pages/244945/24494527.shtml
rap,Прослушать Subbota – Осень,Subbota,02:29,https://zaycev.net/pages/250194/25019445.shtml
rap,"Прослушать Элджей – Hey, guys",Элджей,02:58,https://zaycev.net/pages/70407/7040711.shtml
rap,Прослушать Егор Крид – Самая самая,Егор Крид,03:56,https://zaycev.net/pages/70344/7034494.shtml
rap,Прослушать Ноггано – Будь здоров (feat. Словетский),Ноггано,02:24,https://zaycev.net/pages/114487/11448783.shtml
rap,Прослушать Subbota – Женская мантра,Subbota,02:49,https://zaycev.net/pages/249970/24997018.shtml
rap,Прослушать Various Artists – Яшибез бит яшибез,Various Artists,04:03,https://zaycev.net/pages/119406/11940618.shtml
rap,Прослушать МУЗЫКА В МАШИНУ – ГДЕ-ТО ТАМ,МУЗЫКА В МАШИНУ,02:31,https://zaycev.net/pages/249995/24999502.shtml
rap,Прослушать INSTASAMKA – Juicy,INSTASAMKA,02:00,https://zaycev.net/pages/246351/24635165.shtml
rap,Прослушать Qwizar Wols – Фонк Вечеринка,Qwizar Wols,02:51,https://zaycev.net/pages/249662/24966278.shtml
rap,Прослушать Баста – На заре,Баста,05:06,https://zaycev.net/pages/245372/24537283.shtml
rap,Прослушать Баста – Выпускной (Acoustic Version),Баста,03:18,https://zaycev.net/pages/250071/25007162.shtml
pop,Прослушать INSTASAMKA – ЗА ДЕНЬГИ ДА,INSTASAMKA,01:59,https://zaycev.net/pages/249220/24922020.shtml
pop,"Прослушать ALEKS ATAMAN, FINIK – Девочка бандитка","ALEKS ATAMAN, FINIK",02:20,https://zaycev.net/pages/248800/24880063.shtml
pop,Прослушать Юрий Шатунов – Седая ночь,Юрий Шатунов,06:21,https://zaycev.net/pages/249528/24952856.shtml
pop,Прослушать МУЗЫКА В МАШИНУ – КАЙФУЙ,МУЗЫКА В МАШИНУ,03:26,https://zaycev.net/pages/248770/24877033.shtml
pop,Прослушать Фристайл – Чёрные глаза,Фристайл,04:09,https://zaycev.net/pages/248557/24855730.shtml
pop,"Прослушать NILETTO ,  Олег Майами   &  Лёша Свик – Не вспоминай","NILETTO ,  Олег Майами   &  Лёша Свик",02:53,https://zaycev.net/pages/249476/24947660.shtml
pop,Прослушать Клава Кока – Замуж,Клава Кока,02:40,https://zaycev.net/pages/249377/24937777.shtml
pop,Прослушать Дискотека Авария – Два океана,Дискотека Авария,03:54,https://zaycev.net/pages/117756/11775601.shtml
pop,Прослушать Клава Кока – ЛА ЛА ЛА,Клава Кока,02:40,https://zaycev.net/pages/248836/24883676.shtml
pop,Прослушать Subbota – Где-то там,Subbota,02:31,https://zaycev.net/pages/249825/24982598.shtml
pop,Прослушать NILETTO – Ты такая красивая,NILETTO,02:57,https://zaycev.net/pages/246898/24689841.shtml
pop,Прослушать НЕКИНО – СЛОВО ПАЦАНА,НЕКИНО,02:43,https://zaycev.net/pages/249739/24973944.shtml
pop,Прослушать Dabro – На часах ноль-ноль,Dabro,03:26,https://zaycev.net/pages/248828/24882899.shtml
pop,Прослушать 5sta Family – Тюльпаны,5sta Family,02:41,https://zaycev.net/pages/246903/24690309.shtml
pop,Прослушать ХАБИБ – Дискотека,ХАБИБ,02:11,https://zaycev.net/pages/249136/24913607.shtml
pop,Прослушать Турбомода – Каникулы,Турбомода,04:41,https://zaycev.net/pages/230493/23049364.shtml
pop,Прослушать МУЗЫКА В МАШИНУ – РАЗРЫВНАЯ,МУЗЫКА В МАШИНУ,03:00,https://zaycev.net/pages/248728/24872851.shtml
pop,Прослушать Юрий Шатунов – Белые розы,Юрий Шатунов,05:42,https://zaycev.net/pages/249528/24952862.shtml
pop,"Прослушать ХАННА, Миша Марвин – Французский поцелуй","ХАННА, Миша Марвин",02:52,https://zaycev.net/pages/248822/24882269.shtml
pop,Прослушать Мурат Насыров – Я это ты (Ты это я),Мурат Насыров,04:02,https://zaycev.net/pages/248299/24829956.shtml
pop,Прослушать Various Artists – Asphalt,Various Artists,04:32,https://zaycev.net/pages/247665/24766594.shtml
pop,Прослушать Бутырка – Молодость,Бутырка,05:02,https://zaycev.net/pages/248615/24861593.shtml
pop,Прослушать MIA BOYKA – АУФ,MIA BOYKA,01:35,https://zaycev.net/pages/234917/23491743.shtml
pop,Прослушать Дима Билан – Молния,Дима Билан,03:01,https://zaycev.net/pages/118383/11838330.shtml
pop,Прослушать Иванушки  International – Тополиный пух,Иванушки  International,03:53,https://zaycev.net/pages/115998/11599859.shtml
pop,"Прослушать Rauf & Faik, NILETTO – Если тебе будет грустно","Rauf & Faik, NILETTO",03:11,https://zaycev.net/pages/218473/21847355.shtml
pop,Прослушать Dabro – Юность,Dabro,03:39,https://zaycev.net/pages/248819/24881994.shtml
pop,Прослушать Юрий Шатунов – Седая ночь,Юрий Шатунов,06:57,https://zaycev.net/pages/249528/24952865.shtml
pop,Прослушать INSTASAMKA – POPSTAR,INSTASAMKA,02:18,https://zaycev.net/pages/249068/24906819.shtml
pop,Прослушать Dj Дождик – Почему же,Dj Дождик,04:32,https://zaycev.net/pages/164162/16416207.shtml
pop,Прослушать IOWA – Кусь,IOWA,02:37,https://zaycev.net/pages/249996/24999678.shtml
pop,Прослушать RASA – Пчеловод,RASA,02:50,https://zaycev.net/pages/248778/24877847.shtml
pop,Прослушать NILETTO – Любимка,NILETTO,03:39,https://zaycev.net/pages/246898/24689835.shtml
pop,Прослушать Вирус – Ты меня не ищи,Вирус,03:53,https://zaycev.net/pages/249197/24919797.shtml
pop,Прослушать ПАПА ДЖАН – ДИКИЙ (КАВКАЗСКАЯ МУЗЫКА),ПАПА ДЖАН,02:39,https://zaycev.net/pages/249326/24932675.shtml
pop,Прослушать Subbota – Иди сюда,Subbota,03:00,https://zaycev.net/pages/249986/24998683.shtml
pop,"Прослушать Дискотека Авария, Жанна Фриске – Малинки","Дискотека Авария, Жанна Фриске",03:57,https://zaycev.net/pages/248714/24871421.shtml
pop,Прослушать Вика Старикова – Три желания,Вика Старикова,03:24,https://zaycev.net/pages/183335/18333584.shtml
pop,Прослушать Рок-Острова – Ничего не говори,Рок-Острова,04:13,https://zaycev.net/pages/248574/24857499.shtml
pop,Прослушать Белоусов Евгений – Девчонка-девчоночка,Белоусов Евгений,04:55,https://zaycev.net/pages/70521/7052180.shtml
pop,Прослушать DJ PULYA – ТАНЦЫ (ТАНЦЕВАЛЬНАЯ МУЗЫКА 2024),DJ PULYA,02:35,https://zaycev.net/pages/249804/24980477.shtml
pop,Прослушать Коста Лакоста   &  Ольга Серябкина – По улицам,Коста Лакоста   &  Ольга Серябкина,03:02,https://zaycev.net/pages/250181/25018117.shtml
pop,Прослушать Qwizar Wols – Ангел,Qwizar Wols,03:19,https://zaycev.net/pages/249759/24975937.shtml
pop,"Прослушать Стас Михайлов, Тамара Кутидцзе – Звони мне прямо в сердце","Стас Михайлов, Тамара Кутидцзе",03:08,https://zaycev.net/pages/250012/25001209.shtml
pop,Прослушать Иванушки  International – Тополиный пух,Иванушки  International,03:53,https://zaycev.net/pages/116005/11600545.shtml
pop,"Прослушать Фристайл – Ах, какая женщина",Фристайл,05:13,https://zaycev.net/pages/45422/4542214.shtml
pop,Прослушать Subbota – Раздолбим эту ночь?,Subbota,02:46,https://zaycev.net/pages/250058/25005822.shtml
pop,Прослушать Моя Мишель – Ветер меняет направление,Моя Мишель,02:46,https://zaycev.net/pages/249260/24926095.shtml
pop,"Прослушать Клава Кока, FEDUK – Кабы не было тебя","Клава Кока, FEDUK",02:40,https://zaycev.net/pages/249740/24974007.shtml
pop,Прослушать Форей – Запомните меня таким,Форей,02:39,https://zaycev.net/pages/249828/24982810.shtml
easy,Прослушать Various Artists – Asphalt,Various Artists,04:32,https://zaycev.net/pages/247665/24766594.shtml
easy,Прослушать Qwizar Wols – Ангел,Qwizar Wols,03:19,https://zaycev.net/pages/249759/24975937.shtml
easy,Прослушать Tsipak KPSS – Kirat,Tsipak KPSS,05:30,https://zaycev.net/pages/247709/24770929.shtml
easy,Прослушать Элджей – Drake,Элджей,02:06,https://zaycev.net/pages/249597/24959791.shtml
easy,Прослушать DJ DEEP MIX – TAKE A CHANCE (МУЗЫКА В МАШИНУ),DJ DEEP MIX,03:14,https://zaycev.net/pages/249649/24964942.shtml
easy,Прослушать Various Artists – Inplex - Meant to Be  (Original Mix),Various Artists,06:29,https://zaycev.net/pages/249295/24929547.shtml
easy,Прослушать 5sta Family – В июле,5sta Family,03:07,https://zaycev.net/pages/249994/24999415.shtml
easy,Прослушать Nifiant – Can't Believe,Nifiant,02:52,https://zaycev.net/pages/249750/24975002.shtml
easy,Прослушать Various Artists – Яшибез бит яшибез,Various Artists,04:03,https://zaycev.net/pages/119406/11940618.shtml
easy,Прослушать Qwizar Wols – Фонк Вечеринка,Qwizar Wols,02:51,https://zaycev.net/pages/249662/24966278.shtml
easy,Прослушать Various Artists – Дочка,Various Artists,04:24,https://zaycev.net/pages/249994/24999451.shtml
easy,Прослушать Tsipak KPSS – Dead Car,Tsipak KPSS,02:43,https://zaycev.net/pages/247709/24770928.shtml
easy,Прослушать Various Artists – Туган кон,Various Artists,03:12,https://zaycev.net/pages/118820/11882077.shtml
easy,Прослушать Qwizar Wols – Run Away,Qwizar Wols,02:37,https://zaycev.net/pages/249948/24994833.shtml
easy,Прослушать Sinitana – No Rules,Sinitana,03:34,https://zaycev.net/pages/244574/24457482.shtml
easy,Прослушать XM – Can You See (Топ Мелодия На Звонок 2024),XM,00:29,https://zaycev.net/pages/250020/25002051.shtml
easy,Прослушать Incode – California,Incode,03:03,https://zaycev.net/pages/249964/24996473.shtml
easy,Прослушать Qwizar Wols – For My Own (Мелодия На Звонок),Qwizar Wols,00:29,https://zaycev.net/pages/249993/24999309.shtml
easy,Прослушать Incode – Know (Мелодия На Звонок),Incode,00:29,https://zaycev.net/pages/249947/24994792.shtml
easy,Прослушать Sinitana – Harmony of Dream,Sinitana,03:59,https://zaycev.net/pages/244574/24457477.shtml
easy,Прослушать Qwizar Wols – Paradise,Qwizar Wols,02:42,https://zaycev.net/pages/249759/24975934.shtml
easy,Прослушать Qwizar Wols – Trap Evolution,Qwizar Wols,03:00,https://zaycev.net/pages/249964/24996479.shtml
easy,Прослушать Various Artists – Пятьдесят оттенков серого,Various Artists,04:33,https://zaycev.net/pages/249994/24999458.shtml
easy,Прослушать Various Artists – Упкэлэмэ жаным,Various Artists,03:49,https://zaycev.net/pages/118841/11884133.shtml
easy,Прослушать Qwizar Wols – Trap Evolution (Мелодия На Звонок),Qwizar Wols,00:29,https://zaycev.net/pages/249964/24996478.shtml
easy,Прослушать Qwizar Wols – Город Грехов,Qwizar Wols,02:51,https://zaycev.net/pages/249759/24975941.shtml
easy,Прослушать Юлианна Караулова – Винчествер,Юлианна Караулова,02:23,https://zaycev.net/pages/248745/24874590.shtml
easy,Прослушать Various Artists – Сагынасыздыр таллар,Various Artists,03:02,https://zaycev.net/pages/119402/11940230.shtml
easy,Прослушать Qwizar Wols – Фонк Вечеринка,Qwizar Wols,02:51,https://zaycev.net/pages/249992/24999291.shtml
easy,Прослушать Qwizar Wols – Cruel World (Мелодия На Звонок),Qwizar Wols,00:29,https://zaycev.net/pages/250020/25002070.shtml
easy,Прослушать Phil Ginzburg – Happy Village,Phil Ginzburg,03:06,https://zaycev.net/pages/89279/8927960.shtml
easy,Прослушать Qwizar Wols – Underrated (Мелодия На Звонок),Qwizar Wols,00:29,https://zaycev.net/pages/250020/25002076.shtml
easy,Прослушать Various Artists – Кит,Various Artists,03:40,https://zaycev.net/pages/119405/11940554.shtml
easy,Прослушать Qwizar Wols – Running,Qwizar Wols,03:03,https://zaycev.net/pages/249759/24975936.shtml
easy,Прослушать Sinitana – Rain Shades,Sinitana,04:39,https://zaycev.net/pages/244574/24457478.shtml
easy,Прослушать Various Artists – Тик син генэ,Various Artists,02:59,https://zaycev.net/pages/119404/11940495.shtml
easy,Прослушать Qwizar Wols – Город Грехов,Qwizar Wols,02:51,https://zaycev.net/pages/249992/24999292.shtml
easy,Прослушать Qwizar Wols – Generation (Мелодия На Звонок),Qwizar Wols,00:29,https://zaycev.net/pages/249948/24994825.shtml
easy,"Прослушать ASMR Sleep Chill, Carlsn – Dante`s Awakening","ASMR Sleep Chill, Carlsn",03:12,https://zaycev.net/pages/250024/25002476.shtml
easy,Прослушать Qwizar Wols – Trap Dance,Qwizar Wols,02:56,https://zaycev.net/pages/249973/24997304.shtml
easy,Прослушать Scoyal – Rainy Evening,Scoyal,04:40,https://zaycev.net/pages/249831/24983189.shtml
easy,Прослушать Джи Вилкс – Крутим Мир,Джи Вилкс,03:47,https://zaycev.net/pages/250106/25010632.shtml
easy,Прослушать Various Artists – Дом (из фильма «Индийское кино»),Various Artists,04:41,https://zaycev.net/pages/249994/24999447.shtml
easy,Прослушать Blunite – Violent Pleasure,Blunite,03:16,https://zaycev.net/pages/244577/24457736.shtml
easy,Прослушать Qwizar Wols – For My Own,Qwizar Wols,03:20,https://zaycev.net/pages/249993/24999311.shtml
easy,Прослушать РИНГТОН – РИНГТОН,РИНГТОН,03:45,https://zaycev.net/pages/249259/24925950.shtml
easy,Прослушать Igor Pumphonia – Neon Dreams,Igor Pumphonia,04:16,https://zaycev.net/pages/250073/25007360.shtml
easy,Прослушать Qwizar Wols – Ангел,Qwizar Wols,03:19,https://zaycev.net/pages/249973/24997318.shtml
easy,Прослушать Qwizar Wols – Warm Heart (Мелодия На Звонок),Qwizar Wols,00:29,https://zaycev.net/pages/249993/24999312.shtml
easy,Прослушать Various Artists – Пьяный блюз,Various Artists,03:29,https://zaycev.net/pages/249994/24999453.shtml
classical,Прослушать Various Artists – Asphalt,Various Artists,04:32,https://zaycev.net/pages/247665/24766594.shtml
classical,Прослушать Various Artists – Inplex - Meant to Be  (Original Mix),Various Artists,06:29,https://zaycev.net/pages/249295/24929547.shtml
classical,Прослушать Various Artists – Яшибез бит яшибез,Various Artists,04:03,https://zaycev.net/pages/119406/11940618.shtml
classical,Прослушать Various Artists – Дочка,Various Artists,04:24,https://zaycev.net/pages/249994/24999451.shtml
classical,Прослушать Various Artists – Туган кон,Various Artists,03:12,https://zaycev.net/pages/118820/11882077.shtml
classical,Прослушать Sinitana – No Rules,Sinitana,03:34,https://zaycev.net/pages/244574/24457482.shtml
classical,Прослушать Sinitana – Harmony of Dream,Sinitana,03:59,https://zaycev.net/pages/244574/24457477.shtml
classical,Прослушать Various Artists – Пятьдесят оттенков серого,Various Artists,04:33,https://zaycev.net/pages/249994/24999458.shtml
classical,Прослушать Various Artists – Упкэлэмэ жаным,Various Artists,03:49,https://zaycev.net/pages/118841/11884133.shtml
classical,Прослушать Various Artists – Сагынасыздыр таллар,Various Artists,03:02,https://zaycev.net/pages/119402/11940230.shtml
classical,Прослушать Людвиг ван Бетховен в исполнении Симфонического оркестра Ленинградской гос. филармонии – Scherzo. Allegro,Людвиг ван Бетховен в исполнении Симфонического оркестра Ленинградской гос. филармонии,04:59,https://zaycev.net/pages/247007/24700746.shtml
classical,Прослушать Various Artists – Кит,Various Artists,03:40,https://zaycev.net/pages/119405/11940554.shtml
classical,"Прослушать Государственный академический симфонический оркестр СССР – Щелкунчик, Вальс цветов",Государственный академический симфонический оркестр СССР,06:17,https://zaycev.net/pages/248143/24814375.shtml
classical,Прослушать Ruslan Kvak – Angel dance,Ruslan Kvak,02:51,https://zaycev.net/pages/246439/24643911.shtml
classical,Прослушать Sinitana – Rain Shades,Sinitana,04:39,https://zaycev.net/pages/244574/24457478.shtml
classical,Прослушать Various Artists – Тик син генэ,Various Artists,02:59,https://zaycev.net/pages/119404/11940495.shtml
classical,Прослушать Various Artists – Дом (из фильма «Индийское кино»),Various Artists,04:41,https://zaycev.net/pages/249994/24999447.shtml
classical,"Прослушать Ludwig van Beethoven – 1-я Соната, Фа Минор, Соч. 2, № 1. 1 Часть—Аллегро (Remastered 2022)",Ludwig van Beethoven,03:42,https://zaycev.net/pages/248778/24877865.shtml
classical,Прослушать Wolfgang Amadeus Mozart – Adagio (2021 Remastered Version),Wolfgang Amadeus Mozart,06:33,https://zaycev.net/pages/246399/24639955.shtml
classical,Прослушать Various Artists – Пьяный блюз,Various Artists,03:29,https://zaycev.net/pages/249994/24999453.shtml
classical,"Прослушать Эмиль Гилельс – 32 Вариации до минор, Wo O 80",Эмиль Гилельс,10:52,https://zaycev.net/pages/248157/24815792.shtml
classical,"Прослушать Большой симфонический оркестр Всесоюзного радио, Александр Гаук – Времена года, Август","Большой симфонический оркестр Всесоюзного радио, Александр Гаук",04:09,https://zaycev.net/pages/248151/24815166.shtml
classical,Прослушать Various Artists – Алай итэргэ кирэк,Various Artists,03:12,https://zaycev.net/pages/119403/11940304.shtml
classical,"Прослушать Государственный академический симфонический оркестр СССР – Щелкунчик, соч.71, Марш",Государственный академический симфонический оркестр СССР,02:26,https://zaycev.net/pages/248143/24814386.shtml
classical,Прослушать Sinitana – Closer to Dolphins,Sinitana,03:23,https://zaycev.net/pages/244574/24457480.shtml
classical,"Прослушать Эмиль Гилельс – Фортепианная соната № 14 До-диез минор, соч. 27 № 2 ""Лунная соната"": I. Adagio sostenuto",Эмиль Гилельс,06:06,https://zaycev.net/pages/248157/24815798.shtml
classical,"Прослушать Дуэт арф ""Шарм"" – Веселая прогулка","Дуэт арф ""Шарм""",03:24,https://zaycev.net/pages/250108/25010812.shtml
classical,Прослушать Various Artists – Пять шагов до весны,Various Artists,04:17,https://zaycev.net/pages/249994/24999452.shtml
classical,Прослушать Давид Тухманов – 2-я медитация,Давид Тухманов,01:40,https://zaycev.net/pages/248545/24854524.shtml
classical,"Прослушать Леонид Ройзман – Токката и фуга для органа pе минор, BWV 565",Леонид Ройзман,09:28,https://zaycev.net/pages/248132/24813277.shtml
classical,Прослушать Sinitana – Lavender Voyage,Sinitana,03:19,https://zaycev.net/pages/244574/24457475.shtml
classical,"Прослушать Государственный академический симфонический оркестр СССР, Евгений Светланов – Симфония №4  F minor, Соч. 36, III. Scherzo. Pizzicato ostinato. Allegro, Отрывок 2","Государственный академический симфонический оркестр СССР, Евгений Светланов",01:11,https://zaycev.net/pages/248138/24813885.shtml
classical,"Прослушать Various Artists – Валя, Валюша, Валя",Various Artists,04:23,https://zaycev.net/pages/249994/24999445.shtml
classical,Прослушать Lelya Kursanova – Mozart,Lelya Kursanova,03:53,https://zaycev.net/pages/249218/24921810.shtml
classical,"Прослушать Ансамбль солистов Симф. оркестра Московской гос. филармонии, Игорь Ойстрах, Вольфганг Амадей Моцарт – Маленькая ночная серенада Соль Мажор, К. 525. 2. Romanza. Andante (2022 Remastered)","Ансамбль солистов Симф. оркестра Московской гос. филармонии, Игорь Ойстрах, Вольфганг Амадей Моцарт",06:09,https://zaycev.net/pages/249099/24909927.shtml
classical,"Прослушать Большой симфонический оркестр Всесоюзного радио, Геннадий Рождественский – Лебединое Озеро, Акт 3, Variation III","Большой симфонический оркестр Всесоюзного радио, Геннадий Рождественский",01:02,https://zaycev.net/pages/248155/24815509.shtml
classical,Прослушать Wolfgang Amadeus Mozart – Romance. Adagio (2021 Remastered Version),Wolfgang Amadeus Mozart,06:02,https://zaycev.net/pages/246399/24639961.shtml
classical,Прослушать Sonic Twins – In Infinity,Sonic Twins,02:16,https://zaycev.net/pages/183331/18333104.shtml
classical,Прослушать Various Artists – Кайтуыны кыр казы юрар,Various Artists,03:40,https://zaycev.net/pages/118854/11885483.shtml
classical,Прослушать Sinitana – Keep the Light,Sinitana,02:03,https://zaycev.net/pages/244574/24457481.shtml
classical,Прослушать Various Artists – Бархатный блюз,Various Artists,04:39,https://zaycev.net/pages/249994/24999443.shtml
classical,"Прослушать Лев Оборин, Святослав Кнушевицкий – Соната № 5 для виолончели и фортепиано ре мажор, соч. 102 I. Allegro con brio","Лев Оборин, Святослав Кнушевицкий",06:02,https://zaycev.net/pages/248136/24813673.shtml
classical,"Прослушать Brahms, Mozart – Duo For Violin And Viola, K. 425. III. Rondo. Allegro (Remstered 2022)","Brahms, Mozart",05:15,https://zaycev.net/pages/248778/24877864.shtml
classical,"Прослушать Святослав Рихтер – Полонез до-диез минор, соч. 26, № 1",Святослав Рихтер,07:51,https://zaycev.net/pages/248112/24811274.shtml
classical,"Прослушать Государственный академический симфонический оркестр СССР – Щелкунчик, соч.71, Отрывок 6",Государственный академический симфонический оркестр СССР,02:12,https://zaycev.net/pages/248143/24814388.shtml
classical,"Прослушать Большой симфонический оркестр Всесоюзного радио, Геннадий Рождественский – Лебединое Озеро, Акт 2, Танцы лебедей, Allegro Moderato","Большой симфонический оркестр Всесоюзного радио, Геннадий Рождественский",01:18,https://zaycev.net/pages/248149/24814989.shtml
classical,"Прослушать Дуэт арф ""Шарм"" – Меланхолический вальс","Дуэт арф ""Шарм""",02:41,https://zaycev.net/pages/233921/23392116.shtml
classical,Прослушать Алексей Шелыгин – Adagio,Алексей Шелыгин,08:08,https://zaycev.net/pages/246986/24698686.shtml
classical,"Прослушать Геннадий Рождественский, Большой симфонический оркестр Всесоюзного радио – Сюита No. 2 Пер Гюнт, соч. 55 II. Арабский танец","Геннадий Рождественский, Большой симфонический оркестр Всесоюзного радио",04:34,https://zaycev.net/pages/248136/24813628.shtml
classical,"Прослушать Мария Людько и Олег Безинских – Fantasia In D Minor, K.397: Andante-Adagio-Allegretto",Мария Людько и Олег Безинских,05:26,https://zaycev.net/pages/70380/7038046.shtml
shanson,Прослушать Дискотека Авария – Два океана,Дискотека Авария,03:54,https://zaycev.net/pages/117756/11775601.shtml
shanson,Прослушать Бутырка – Запахло весной,Бутырка,04:10,https://zaycev.net/pages/248544/24854430.shtml
shanson,Прослушать Бутырка – Молодость,Бутырка,05:02,https://zaycev.net/pages/248615/24861593.shtml
shanson,Прослушать Михаил Шелег – За глаза твои карие,Михаил Шелег,04:40,https://zaycev.net/pages/67378/6737884.shtml
shanson,Прослушать ПАПА ДЖАН – ДИКИЙ (КАВКАЗСКАЯ МУЗЫКА),ПАПА ДЖАН,02:39,https://zaycev.net/pages/249326/24932675.shtml
shanson,Прослушать Петлюра – Дочь прокурора,Петлюра,04:18,https://zaycev.net/pages/248284/24828480.shtml
shanson,Прослушать Владимир Нежный – Пошла ты на,Владимир Нежный,03:57,https://zaycev.net/pages/248259/24825975.shtml
shanson,"Прослушать Сосо Павлиашвили, Арсен Шахунц – Загуляли пацаны","Сосо Павлиашвили, Арсен Шахунц",03:54,https://zaycev.net/pages/248867/24886750.shtml
shanson,Прослушать Subbota – Где-то там x,Subbota,02:25,https://zaycev.net/pages/249833/24983381.shtml
shanson,Прослушать Михаил Михайлов – Дискотека в деревне,Михаил Михайлов,04:01,https://zaycev.net/pages/70219/7021966.shtml
shanson,Прослушать Петлюра – Наташка,Петлюра,03:42,https://zaycev.net/pages/248284/24828475.shtml
shanson,Прослушать Subbota – Где-то там,Subbota,02:31,https://zaycev.net/pages/249825/24982598.shtml
shanson,Прослушать Бутырка – Шарик,Бутырка,04:10,https://zaycev.net/pages/248333/24833382.shtml
shanson,Прослушать Юлия Беретта – Душа,Юлия Беретта,03:36,https://zaycev.net/pages/249053/24905375.shtml
shanson,Прослушать Бутырка – Запахло весной,Бутырка,04:10,https://zaycev.net/pages/248290/24829008.shtml
shanson,Прослушать Рождество – Так хочется жить,Рождество,04:08,https://zaycev.net/pages/248541/24854126.shtml
shanson,Прослушать Петлюра – Алешка,Петлюра,04:12,https://zaycev.net/pages/248330/24833017.shtml
shanson,Прослушать Бутырка – Кольщик,Бутырка,03:53,https://zaycev.net/pages/248290/24829011.shtml
shanson,Прослушать Бутырка – Аттестат,Бутырка,04:23,https://zaycev.net/pages/248544/24854432.shtml
shanson,Прослушать DJ PULYA ft. АРТУР КАЛЬЯНСКИЙ – КАЙФУЙ БРАТ (ШАНСОН ХИТЫ 2023),DJ PULYA ft. АРТУР КАЛЬЯНСКИЙ,02:52,https://zaycev.net/pages/249347/24934796.shtml
shanson,Прослушать МУЗЫКА В МАШИНУ – ГДЕ-ТО ТАМ,МУЗЫКА В МАШИНУ,02:31,https://zaycev.net/pages/249995/24999502.shtml
shanson,Прослушать Петлюра – Люблю тебя,Петлюра,03:40,https://zaycev.net/pages/248284/24828478.shtml
shanson,Прослушать Владимир Тиссен – Дарите женщине цветы,Владимир Тиссен,04:17,https://zaycev.net/pages/167154/16715463.shtml
shanson,Прослушать МУЗЫКА В МАШИНУ – НАШ ГАРАЖ,МУЗЫКА В МАШИНУ,02:25,https://zaycev.net/pages/249410/24941048.shtml
shanson,Прослушать Петлюра – Стена,Петлюра,03:45,https://zaycev.net/pages/248330/24833016.shtml
shanson,Прослушать Владимир Нежный – Чё те надо,Владимир Нежный,01:18,https://zaycev.net/pages/248163/24816365.shtml
shanson,Прослушать Фактор 2 – Прости,Фактор 2,03:26,https://zaycev.net/pages/248298/24829856.shtml
shanson,Прослушать Владимир Курский – Пацаны 90-х,Владимир Курский,05:19,https://zaycev.net/pages/248282/24828209.shtml
shanson,Прослушать Various Artists – Дочка,Various Artists,04:24,https://zaycev.net/pages/249994/24999451.shtml
shanson,Прослушать Петлюра – Гитара семиструнная,Петлюра,03:00,https://zaycev.net/pages/248330/24833012.shtml
shanson,Прослушать Сборная Союза – Позвони мне,Сборная Союза,04:00,https://zaycev.net/pages/247699/24769986.shtml
shanson,Прослушать группа Запретка – Клен,группа Запретка,05:05,https://zaycev.net/pages/246291/24629115.shtml
shanson,Прослушать Валерий Залкин – Одинокая ветка сирени,Валерий Залкин,03:59,https://zaycev.net/pages/248322/24832223.shtml
shanson,Прослушать Владимир Нежный – Бухой Дед Мороз,Владимир Нежный,00:35,https://zaycev.net/pages/248163/24816373.shtml
shanson,Прослушать Бутырка – По ту сторону забора,Бутырка,03:46,https://zaycev.net/pages/248544/24854436.shtml
shanson,Прослушать Петлюра – Темная вода,Петлюра,03:46,https://zaycev.net/pages/248330/24833013.shtml
shanson,Прослушать Петлюра – Про любовь,Петлюра,03:57,https://zaycev.net/pages/248286/24828649.shtml
shanson,Прослушать Вячеслав Мясников – Мой друг,Вячеслав Мясников,02:50,https://zaycev.net/pages/246545/24654525.shtml
shanson,Прослушать Александр Удача – Золотые купола,Александр Удача,04:13,https://zaycev.net/pages/113594/11359440.shtml
shanson,"Прослушать Рождество – Новый год, Новый год!",Рождество,04:30,https://zaycev.net/pages/248541/24854127.shtml
shanson,Прослушать АРТУР КАЛЬЯНСКИЙ – МАЛЬВИНА (первая версия),АРТУР КАЛЬЯНСКИЙ,03:12,https://zaycev.net/pages/249780/24978010.shtml
shanson,Прослушать Ирина Ежова – Пьяная,Ирина Ежова,02:21,https://zaycev.net/pages/28768/2876889.shtml
shanson,Прослушать Владимир Курский – Солдат,Владимир Курский,03:21,https://zaycev.net/pages/248750/24875095.shtml
shanson,Прослушать Бутырка – Аттестат,Бутырка,05:14,https://zaycev.net/pages/248293/24829350.shtml
shanson,Прослушать Бутырка – Малец,Бутырка,04:02,https://zaycev.net/pages/248291/24829167.shtml
shanson,Прослушать Михаил Михайлов – Конопатая девчонка,Михаил Михайлов,03:20,https://zaycev.net/pages/249833/24983382.shtml
shanson,Прослушать Виталий Аксёнов – Королева - госпожа,Виталий Аксёнов,05:10,https://zaycev.net/pages/248309/24830954.shtml
shanson,Прослушать Виталий Аксёнов – Дочурка,Виталий Аксёнов,04:40,https://zaycev.net/pages/248304/24830486.shtml
shanson,Прослушать Петлюра – Скорый поезд,Петлюра,03:21,https://zaycev.net/pages/248284/24828470.shtml
shanson,Прослушать Бутырка – Мама,Бутырка,04:54,https://zaycev.net/pages/248333/24833387.shtml
metal,Прослушать Tsipak KPSS – Kirat,Tsipak KPSS,05:30,https://zaycev.net/pages/247709/24770929.shtml
metal,Прослушать Кипелов – Я свободен!,Кипелов,07:13,https://zaycev.net/pages/115882/11588226.shtml
metal,Прослушать Ария – Штиль,Ария,05:35,https://zaycev.net/pages/249269/24926928.shtml
metal,Прослушать Tsipak KPSS – Dead Car,Tsipak KPSS,02:43,https://zaycev.net/pages/247709/24770928.shtml
metal,Прослушать Гран-КуражЪ – Чёрный лебедь,Гран-КуражЪ,05:17,https://zaycev.net/pages/249826/24982625.shtml
metal,Прослушать Ария – Штиль,Ария,05:35,https://zaycev.net/pages/115884/11588429.shtml
metal,Прослушать Ария – Возьми моё сердце,Ария,04:06,https://zaycev.net/pages/249269/24926925.shtml
metal,"Прослушать Город 312 – Вспоминай обо мне, когда пойдет дождь",Город 312,04:05,https://zaycev.net/pages/115998/11599837.shtml
metal,"Прослушать IC3PEAK, Oli Sykes, Bring Me The Horizon – VAMPIR (feat. Oli Sykes of Bring Me The Horizon)","IC3PEAK, Oli Sykes, Bring Me The Horizon",02:22,https://zaycev.net/pages/249270/24927089.shtml
metal,Прослушать Кипелов – Потерянный рай,Кипелов,06:01,https://zaycev.net/pages/115877/11587779.shtml
metal,Прослушать Гран-КуражЪ – Последняя глава,Гран-КуражЪ,10:21,https://zaycev.net/pages/249826/24982630.shtml
metal,Прослушать Ария – Колизей,Ария,06:32,https://zaycev.net/pages/115886/11588617.shtml
metal,Прослушать Матвиенко Игорь – Тема викингов,Матвиенко Игорь,02:10,https://zaycev.net/pages/115997/11599747.shtml
metal,Прослушать Ария – Улица Роз,Ария,06:08,https://zaycev.net/pages/115882/11588239.shtml
metal,Прослушать Индульгенция – Ты и я,Индульгенция,02:24,https://zaycev.net/pages/249980/24998024.shtml
metal,Прослушать Матвиенко Игорь – Колокола,Матвиенко Игорь,01:32,https://zaycev.net/pages/115998/11599833.shtml
metal,Прослушать Чёрный Обелиск – Танцы,Чёрный Обелиск,03:59,https://zaycev.net/pages/249314/24931481.shtml
metal,Прослушать Кипелов – Путь в никуда,Кипелов,05:29,https://zaycev.net/pages/115881/11588174.shtml
metal,Прослушать Гран-КуражЪ – Предвестие Мира из огня,Гран-КуражЪ,01:22,https://zaycev.net/pages/249826/24982619.shtml
metal,Прослушать Кипелов – Вавилон,Кипелов,05:45,https://zaycev.net/pages/115906/11590611.shtml
metal,Прослушать Ария – Антихрист,Ария,05:04,https://zaycev.net/pages/115891/11589103.shtml
metal,Прослушать Ария – Зверь,Ария,03:44,https://zaycev.net/pages/115908/11590892.shtml
metal,"Прослушать Революция, Виктор Смольский – Иллюзорный мир","Революция, Виктор Смольский",05:15,https://zaycev.net/pages/248605/24860516.shtml
metal,Прослушать Ария – Штиль (Live),Ария,06:19,https://zaycev.net/pages/246988/24698889.shtml
metal,Прослушать Ария – Химера,Ария,04:39,https://zaycev.net/pages/115880/11588042.shtml
metal,Прослушать Ария – Штиль,Ария,05:33,https://zaycev.net/pages/115882/11588201.shtml
metal,"Прослушать Молодой Платон, Пошлая Молли, Yanix – DON’T PLAY BAE (Metal Version by MIRASCREAM & Artur Matur)","Молодой Платон, Пошлая Молли, Yanix",02:35,https://zaycev.net/pages/249320/24932021.shtml
metal,Прослушать Би-2 – Рождество,Би-2,05:27,https://zaycev.net/pages/109037/10903715.shtml
metal,Прослушать Муся Тотибадзе – Баллада о детях Большой Медведицы,Муся Тотибадзе,03:35,https://zaycev.net/pages/168142/16814270.shtml
metal,Прослушать Ария – Бивни Чёрных скал,Ария,04:51,https://zaycev.net/pages/115887/11588783.shtml
metal,Прослушать Ария – На крыльях ветра,Ария,04:44,https://zaycev.net/pages/246986/24698698.shtml
metal,Прослушать Ария – Викинг,Ария,05:48,https://zaycev.net/pages/246986/24698603.shtml
metal,Прослушать Кипелов – Возьми мое сердце,Кипелов,03:53,https://zaycev.net/pages/115878/11587810.shtml
metal,Прослушать Гарик Сукачёв – Будет дождь,Гарик Сукачёв,03:54,https://zaycev.net/pages/109033/10903317.shtml
metal,Прослушать Ария – Ворон,Ария,05:44,https://zaycev.net/pages/115877/11587753.shtml
metal,Прослушать Кипелов – Герой асфальта,Кипелов,05:16,https://zaycev.net/pages/115882/11588215.shtml
metal,"Прослушать IC3PEAK, Oli Sykes, Bring Me The Horizon – VAMPIR (feat. Oli Sykes of Bring Me The Horizon)","IC3PEAK, Oli Sykes, Bring Me The Horizon",02:22,https://zaycev.net/pages/249116/24911647.shtml
metal,Прослушать Легион – Танец огня,Легион,04:56,https://zaycev.net/pages/249778/24977871.shtml
metal,Прослушать Новый Завет – Охота на волков,Новый Завет,04:37,https://zaycev.net/pages/250007/25000768.shtml
metal,Прослушать Ария – Осколок льда,Ария,05:25,https://zaycev.net/pages/249269/24926929.shtml
metal,Прослушать Ария – Живой,Ария,08:55,https://zaycev.net/pages/115896/11589680.shtml
metal,Прослушать Театр Теней – Верь только себе,Театр Теней,03:08,https://zaycev.net/pages/120164/12016430.shtml
metal,Прослушать Кипелов – Castlevania,Кипелов,06:14,https://zaycev.net/pages/115881/11588169.shtml
metal,Прослушать Ария – Грязь,Ария,04:38,https://zaycev.net/pages/115877/11587796.shtml
metal,Прослушать Ария – Закат,Ария,03:35,https://zaycev.net/pages/115885/11588575.shtml
metal,Прослушать Чёрный Обелиск – Ангелы,Чёрный Обелиск,06:12,https://zaycev.net/pages/249314/24931493.shtml
metal,Прослушать Новый Завет – Песня о друге,Новый Завет,04:08,https://zaycev.net/pages/115881/11588145.shtml
metal,Прослушать Баста и Пелагея – Под палящим огнем (OST: Т-34),Баста и Пелагея,05:14,https://zaycev.net/pages/246108/24610872.shtml
metal,Прослушать Туфли Гну – Удобные люди,Туфли Гну,03:02,https://zaycev.net/pages/246251/24625124.shtml
metal,Прослушать Ария – 1100,Ария,04:55,https://zaycev.net/pages/115882/11588288.shtml
indie,Прослушать Tsipak KPSS – Kirat,Tsipak KPSS,05:30,https://zaycev.net/pages/247709/24770929.shtml
indie,Прослушать Nifiant – Can't Believe,Nifiant,02:52,https://zaycev.net/pages/249750/24975002.shtml
indie,Прослушать ПОШЛАЯ МОЛЛИ – Нон стоп,ПОШЛАЯ МОЛЛИ,03:33,https://zaycev.net/pages/249434/24943464.shtml
indie,Прослушать Tsipak KPSS – Dead Car,Tsipak KPSS,02:43,https://zaycev.net/pages/247709/24770928.shtml
indie,Прослушать Стереополина – Про дурочку,Стереополина,04:06,https://zaycev.net/pages/245198/24519824.shtml
indie,Прослушать Дельфин – Весна,Дельфин,04:51,https://zaycev.net/pages/67405/6740586.shtml
indie,Прослушать Incode – California,Incode,03:03,https://zaycev.net/pages/249964/24996473.shtml
indie,Прослушать Incode – Know (Мелодия На Звонок),Incode,00:29,https://zaycev.net/pages/249947/24994792.shtml
indie,Прослушать Монеточка – Каждый раз,Монеточка,03:28,https://zaycev.net/pages/83356/8335673.shtml
indie,Прослушать ooes – магия,ooes,03:03,https://zaycev.net/pages/247967/24796766.shtml
indie,Прослушать Монеточка – Переживу,Монеточка,03:25,https://zaycev.net/pages/233975/23397597.shtml
indie,Прослушать Дельфин – Пляж,Дельфин,04:32,https://zaycev.net/pages/109029/10902912.shtml
indie,Прослушать ПОШЛАЯ МОЛЛИ – Супермаркет,ПОШЛАЯ МОЛЛИ,03:34,https://zaycev.net/pages/249434/24943465.shtml
indie,Прослушать ПОШЛАЯ МОЛЛИ – Молли,ПОШЛАЯ МОЛЛИ,03:49,https://zaycev.net/pages/249434/24943467.shtml
indie,Прослушать Монеточка – гори гори гори,Монеточка,02:35,https://zaycev.net/pages/120395/12039571.shtml
indie,Прослушать Монеточка – Селфхарм,Монеточка,03:08,https://zaycev.net/pages/250119/25011953.shtml
indie,Прослушать Монеточка – Монополия,Монеточка,03:37,https://zaycev.net/pages/250119/25011949.shtml
indie,Прослушать Tanya Tekis – Куда приводят мечты,Tanya Tekis,02:50,https://zaycev.net/pages/249180/24918012.shtml
indie,Прослушать Лилу45 – Моя душа,Лилу45,02:55,https://zaycev.net/pages/248748/24874828.shtml
indie,Прослушать Монеточка – Нимфоманка,Монеточка,02:40,https://zaycev.net/pages/83360/8336091.shtml
indie,Прослушать ПОШЛАЯ МОЛЛИ – Ханнамонтана,ПОШЛАЯ МОЛЛИ,03:10,https://zaycev.net/pages/249434/24943462.shtml
indie,Прослушать Стереополина – Мне так грустно,Стереополина,03:00,https://zaycev.net/pages/245198/24519843.shtml
indie,Прослушать Монеточка – Папина любовница,Монеточка,03:29,https://zaycev.net/pages/233975/23397589.shtml
indie,Прослушать ПОШЛАЯ МОЛЛИ – Тмстс,ПОШЛАЯ МОЛЛИ,02:40,https://zaycev.net/pages/249434/24943468.shtml
indie,Прослушать Mireia – Салют,Mireia,02:49,https://zaycev.net/pages/85128/8512855.shtml
indie,Прослушать Монеточка – Кис Кис Кис,Монеточка,02:42,https://zaycev.net/pages/250119/25011952.shtml
indie,Прослушать Дельфин – Весна,Дельфин,04:51,https://zaycev.net/pages/233974/23397499.shtml
indie,Прослушать Дельфин – Дельфин,Дельфин,04:03,https://zaycev.net/pages/72083/7208328.shtml
indie,Прослушать DAKOOKA – Люби меня,DAKOOKA,03:16,https://zaycev.net/pages/247678/24767885.shtml
indie,Прослушать ПОШЛАЯ МОЛЛИ – Райские цветы,ПОШЛАЯ МОЛЛИ,02:18,https://zaycev.net/pages/249328/24932851.shtml
indie,Прослушать Стереополина – Вдвоем,Стереополина,03:14,https://zaycev.net/pages/250011/25001191.shtml
indie,Прослушать ПОШЛАЯ МОЛЛИ – Все хотят меня поцеловать,ПОШЛАЯ МОЛЛИ,02:24,https://zaycev.net/pages/249328/24932850.shtml
indie,Прослушать ПОШЛАЯ МОЛЛИ – Буду твоим песиком,ПОШЛАЯ МОЛЛИ,03:16,https://zaycev.net/pages/249328/24932853.shtml
indie,Прослушать ПОШЛАЯ МОЛЛИ – Паки пуси,ПОШЛАЯ МОЛЛИ,02:23,https://zaycev.net/pages/249434/24943466.shtml
indie,Прослушать Дельфин – Я люблю людей,Дельфин,03:33,https://zaycev.net/pages/45578/4557886.shtml
indie,Прослушать тима ищет свет – говорит москва,тима ищет свет,03:49,https://zaycev.net/pages/249132/24913233.shtml
indie,Прослушать Монеточка – 90,Монеточка,03:21,https://zaycev.net/pages/84310/8431047.shtml
indie,Прослушать ПОШЛАЯ МОЛЛИ – Гласс,ПОШЛАЯ МОЛЛИ,02:44,https://zaycev.net/pages/249328/24932854.shtml
indie,Прослушать di liberta feat. Gontarenko – черта,di liberta feat. Gontarenko,03:45,https://zaycev.net/pages/250060/25006005.shtml
indie,Прослушать Монеточка – На заре,Монеточка,03:23,https://zaycev.net/pages/109055/10905563.shtml
indie,Прослушать Монеточка – Шаганэ,Монеточка,03:01,https://zaycev.net/pages/249105/24910590.shtml
indie,Прослушать Дельфин – Глаза (Remix),Дельфин,04:56,https://zaycev.net/pages/168143/16814393.shtml
indie,Прослушать ПОШЛАЯ МОЛЛИ – Типичная вечеринка с бассейном,ПОШЛАЯ МОЛЛИ,04:33,https://zaycev.net/pages/249328/24932852.shtml
indie,Прослушать Станция Самосознания – Дымка,Станция Самосознания,03:13,https://zaycev.net/pages/248600/24860000.shtml
indie,Прослушать ПОШЛАЯ МОЛЛИ – Любимая песня твоей сестры,ПОШЛАЯ МОЛЛИ,03:08,https://zaycev.net/pages/249434/24943460.shtml
indie,Прослушать Монеточка – Ночной ларёк,Монеточка,02:44,https://zaycev.net/pages/84309/8430953.shtml
indie,Прослушать Стереополина – Жестяной барабан,Стереополина,01:56,https://zaycev.net/pages/245198/24519827.shtml
indie,Прослушать ПОШЛАЯ МОЛЛИ – Значит дружба,ПОШЛАЯ МОЛЛИ,01:28,https://zaycev.net/pages/249328/24932849.shtml
indie,Прослушать ПОШЛАЯ МОЛЛИ – Даже моя бейби не знает,ПОШЛАЯ МОЛЛИ,03:28,https://zaycev.net/pages/249434/24943463.shtml
indie,Прослушать Монеточка – Лёд,Монеточка,02:43,https://zaycev.net/pages/233975/23397592.shtml
blues,Прослушать VIBE – WEEKENDS 2023,VIBE,03:59,https://zaycev.net/pages/249247/24924724.shtml
blues,"Прослушать Виктор Калина – Дочка, доченька",Виктор Калина,04:08,https://zaycev.net/pages/248592/24859256.shtml
blues,Прослушать Дмитрий Тювелёв – Скоро весна!,Дмитрий Тювелёв,05:45,https://zaycev.net/pages/246827/24682799.shtml
blues,"Прослушать Виктор Калина – Бандитский Петербург (feat. группа ""ЖАrА"")",Виктор Калина,03:46,https://zaycev.net/pages/248592/24859299.shtml
blues,Прослушать Оркестр домовых – Небесный лесник,Оркестр домовых,05:47,https://zaycev.net/pages/246505/24650531.shtml
blues,Прослушать Виктор Калина – Цвели тюльпаны,Виктор Калина,04:03,https://zaycev.net/pages/248593/24859396.shtml
blues,Прослушать Андрей Калинин – Любимая моя женщина,Андрей Калинин,04:36,https://zaycev.net/pages/248840/24884083.shtml
blues,Прослушать Оркестр домовых – Блюз жёлтых листьев,Оркестр домовых,04:33,https://zaycev.net/pages/246508/24650876.shtml
blues,Прослушать Виктор Калина – Мама,Виктор Калина,03:52,https://zaycev.net/pages/248593/24859395.shtml
blues,Прослушать Valentino – Moscow,Valentino,01:49,https://zaycev.net/pages/250068/25006853.shtml
blues,Прослушать Оркестр домовых – Гутен морген блюз,Оркестр домовых,05:25,https://zaycev.net/pages/249853/24985335.shtml
blues,Прослушать Андрей Калинин – Я тебя люблю,Андрей Калинин,03:32,https://zaycev.net/pages/248840/24884089.shtml
blues,Прослушать Оркестр домовых – Небесный лесник,Оркестр домовых,05:47,https://zaycev.net/pages/246856/24685602.shtml
blues,Прослушать Виктор Калина – Неприлично,Виктор Калина,02:31,https://zaycev.net/pages/248593/24859397.shtml
blues,Прослушать Мила Руденская – Дорога домой,Мила Руденская,02:31,https://zaycev.net/pages/248587/24858797.shtml
blues,Прослушать Виктор Калина – Ветер северный (feat. Светлана Калина),Виктор Калина,02:11,https://zaycev.net/pages/248593/24859354.shtml
blues,"Прослушать Виктор Калина – Играй, скрипач, о счастье",Виктор Калина,01:34,https://zaycev.net/pages/248593/24859312.shtml
blues,Прослушать Мила Руденская – Я хочу за тебя выйти замуж,Мила Руденская,01:32,https://zaycev.net/pages/248587/24858792.shtml
blues,Прослушать Валерий Бессарабский – Свадьба,Валерий Бессарабский,03:38,https://zaycev.net/pages/246351/24635121.shtml
blues,Прослушать Оркестр домовых – Смерть экзистенциалиста (БОМЖ),Оркестр домовых,03:44,https://zaycev.net/pages/246637/24663757.shtml
blues,Прослушать Валерий Бессарабский – РАДИСТЫ СПЕЦНАЗ,Валерий Бессарабский,02:31,https://zaycev.net/pages/246230/24623008.shtml
blues,Прослушать Виктор Калина – Два одиночества,Виктор Калина,03:51,https://zaycev.net/pages/248594/24859400.shtml
blues,Прослушать Мила Руденская – Я люблю тебя,Мила Руденская,02:02,https://zaycev.net/pages/248587/24858794.shtml
blues,Прослушать Андрей Калинин – Чёрные очки,Андрей Калинин,03:39,https://zaycev.net/pages/248840/24884088.shtml
blues,"Прослушать Виктор Калина – Мама, ты меня прости",Виктор Калина,03:40,https://zaycev.net/pages/248593/24859346.shtml
blues,Прослушать Ксения Чиж – Я устала,Ксения Чиж,03:53,https://zaycev.net/pages/247006/24700615.shtml
blues,Прослушать Дмитрий Тювелёв – Юность,Дмитрий Тювелёв,03:23,https://zaycev.net/pages/246827/24682797.shtml
blues,Прослушать The Bird – Не из таких,The Bird,04:00,https://zaycev.net/pages/250229/25022991.shtml
blues,Прослушать Андрей Калинин – Над полями русскими,Андрей Калинин,03:49,https://zaycev.net/pages/248840/24884090.shtml
blues,Прослушать Виктор Калина – Зелёный огонёк,Виктор Калина,03:34,https://zaycev.net/pages/248593/24859394.shtml
blues,Прослушать Валерий Бессарабский – Молодость моя,Валерий Бессарабский,03:21,https://zaycev.net/pages/246351/24635119.shtml
blues,Прослушать Андрей Калинин – Летят как дым года,Андрей Калинин,04:16,https://zaycev.net/pages/248840/24884081.shtml
blues,Прослушать Виктор Калина – Жизнь-волчара,Виктор Калина,03:28,https://zaycev.net/pages/248593/24859398.shtml
blues,Прослушать Оркестр домовых – Полковник,Оркестр домовых,04:09,https://zaycev.net/pages/246856/24685616.shtml
blues,"Прослушать Мила Руденская – Да, это я, какая есть",Мила Руденская,02:56,https://zaycev.net/pages/248588/24858808.shtml
blues,Прослушать Виктор Калина – Выпьем за друзей (Посвящение моим друзьям и персонально Володе Крюкову),Виктор Калина,02:37,https://zaycev.net/pages/248592/24859298.shtml
blues,Прослушать Виктор Калина – В горах,Виктор Калина,03:40,https://zaycev.net/pages/248594/24859403.shtml
blues,Прослушать Собаки Качалова – Десантник (Blues-Rock version),Собаки Качалова,03:01,https://zaycev.net/pages/118610/11861065.shtml
blues,Прослушать Виктор Калина – Не гасите полночные свечи,Виктор Калина,04:25,https://zaycev.net/pages/248592/24859271.shtml
blues,Прослушать Собаки Качалова – Блюз рыбака,Собаки Качалова,03:44,https://zaycev.net/pages/45432/4543218.shtml
blues,Прослушать Мила Руденская – Послание дочери,Мила Руденская,02:54,https://zaycev.net/pages/248588/24858801.shtml
blues,Прослушать Валерий Бессарабский – ПОГИБШИМ ДЕСАНТНИКАМ,Валерий Бессарабский,03:24,https://zaycev.net/pages/246230/24623003.shtml
blues,Прослушать Оркестр домовых – Брат,Оркестр домовых,03:13,https://zaycev.net/pages/246508/24650865.shtml
blues,"Прослушать Виктор Калина – От добра, добра не ищут",Виктор Калина,03:24,https://zaycev.net/pages/248594/24859402.shtml
blues,Прослушать Виктор Калина – Жизнь продолжается - 2,Виктор Калина,02:53,https://zaycev.net/pages/248593/24859313.shtml
blues,Прослушать Ксения Чиж – Две параллели,Ксения Чиж,03:54,https://zaycev.net/pages/247006/24700614.shtml
blues,Прослушать Валерий Бессарабский – ТОВАРИЩ ПРАПОРЩИК,Валерий Бессарабский,02:55,https://zaycev.net/pages/246230/24623006.shtml
blues,Прослушать Виктор Калина – Девчонки-москвички,Виктор Калина,03:43,https://zaycev.net/pages/248592/24859285.shtml
blues,Прослушать Escape – Время всё изменить!,Escape,05:40,https://zaycev.net/pages/250221/25022173.shtml
blues,Прослушать Виктор Калина – Шамбала (feat. Светлана Калина),Виктор Калина,04:30,https://zaycev.net/pages/248594/24859453.shtml
